residue id,residue name,atom name,atom id,residue id,residue name,atom name,atom id,min dist,max dist,traj_dist,delta_dist
7l9d,,,,,,,,,,,
3,PRO,HA,42,4,ILE,H,46,0,5,3.31,-1.69
4,ILE,HA,48,3,PRO,HD3,"33 (actually use HD2, revised pdb acorrdingly)",0,5,4.83,-0.17
4,ILE,HA,48,5,PRO,HD3,67,0,5,2.22,-2.78
5,PRO,HA,75,6,ITZ,H,79,0,5,2.84,-2.16
7l96,,,,,,,,,,,
1,LEU,HA,4,1,LEU,H,2,0,5,2.97,-2.03
1,LEU,HA,4,2,DLE,H,21,0,5,2.75,-2.25
1,LEU,H,2,2,DLE,H,21,0,5,2.39,-2.61
2,DLE,HA,23,2,DLE,H,21,0,5,2.9,-2.1
3,LEU,HA,42,4,LEU,H,59,0,5,3.4,-1.6
3,LEU,HA,42,3,LEU,H,40,0,5,2.91,-2.09
3,LEU,H,40,4,LEU,H,59,0,5,2.37,-2.63
4,LEU,HA,61,5,DPR,HD3,80,0,5,2.34,-2.66
4,LEU,HA,61,5,DPR,HD2,79,0,5,2.39,-2.61
6,N9K,HA,112,1,LEU,H,2,0,5,2.79,-2.21
6,N9K,HA,112,2,DLE,H,21,0,5,3.32,-1.68
7l98,,,,,,,,,,,
3,MEA,HA,31,5,ILE,H,49,0,5,2.58,-2.42
3,MEA,HA,31,4,PRO,HA,45,0,5,2.08,-2.92
6,PRO,HA,78,1,ITZ,H,82,0,5,2.16,-2.84
7ubg,,,,,,,,,,,
1,DPR,HA,12,3,ALA,HN (=H??),29,,5.27,3.53,-1.74
2,MAA,HA,25,3,ALA,HN,29,,3.53,2.65,-0.88
2,MAA,HA,25,4,DVA,HN,39,,4.79,3.56,-1.23
3,ALA,HN,29,4,DVA,HN,39,,3.43,2.22,-1.21
3,ALA,HN,29,4,DVA,HA,41,,5.5,4.99,-0.51
3,ALA,HN,29,6,LEU,HN,77,,5.5,5.84,0.34
3,ALA,HN,29,7,LEU,HN,96,,5.5,5.36,-0.14
4,DVA,HA,41,5,MLE,HA,73,,5.5,4.52,-0.98
4,DVA,HA,41,6,LEU,HN,77,,4.65,3.91,-0.74
4,DVA,HB,43,6,LEU,HN,77,,5.5,5.1,-0.4
5,MLE,HA,73,7,LEU,HN,96,,5.05,3.73,-1.32
5,MLE,HA,73,9,DLE,HN,129,,5.5,5.34,-0.16
6,LEU,HN,77,7,LEU,HN,96,,3.67,2.07,-1.6
8,PRO,HA,125,9,DLE,HN,129,,3.18,2.41,-0.77
7uzl,,,,,,,,,,,
1,DPR,HA,12,3,ALA,HN,29,,4.74,3.84,-0.9
2,MAA,HA,25,4,DVA,HN,39,,4.18,2.92,-1.26
3,ALA,HN,29,4,DVA,HN,39,,3.4,2.61,-0.79
3,ALA,HN,29,9,DLE,HN,129,,5.2,4.16,-1.04
6,LEU,HN,77,9,DLE,HN,129,,5.5,4.79,-0.71
6,LEU,HA,79,7,LEU,HN,96,,3.09,2.29,-0.8
7,LEU,HN,96,9,DLE,HN,129,,5.5,4.85,-0.65
7,LEU,HA,98,8,PRO,HA,125,,2.92,2.45,-0.47
7,LEU,HA,98,9,DLE,HN,129,,3.45,2.7,-0.75
7,LEU,HA,98,9,DLE,HG,136,,3.81,2.55,-1.26
7,LEU,HG,103,8,PRO,HA,125,,4.92,3.77,-1.15
8cwa,,,,,,,,,,,
1,DVA,HN,2,5,DVA,HN,73,,4.81,3.48,-1.33
1,DVA,HN,2,7,DPR,HA,121,,4.99,3.65,-1.34
1,DVA,HN,2,8,LEU,HN,125,,3.94,2.17,-1.77
1,DVA,HN,2,8,LEU,HA,127,,4.62,3.09,-1.53
1,DVA,HB,6,5,DVA,HN,73,,5.5,3.01,-2.49
4,LEU,HG,61,5,DVA,HN,73,,5.5,4.39,-1.11
5,DVA,HN,73,7,DPR,HA,121,,4.64,4.25,-0.39
5,DVA,HN,73,8,LEU,HN,125,,5.5,3.97,-1.53
7,DPR,HA,121,8,LEU,HN,125,,3.35,2.28,-1.07